"sim","mean","se","upper95","lower95","upper90","lower90"
1,28.6900612118786,47.6512602859545,116.014568176416,-69.6090221640214,105.526619223918,-50.7036126711798
1,147.596170897552,70.5520088752186,298.554270259228,11.2336717278799,256.537908141148,32.0363133723435
1,-441.662451521388,1154.59754695215,1328.03888681925,-3008.51560065405,1124.16597412535,-2454.45325373196
1,-296.780405463334,1225.52642458831,1697.23019432178,-3036.38440296737,1402.52318537871,-2363.67921316041
1,2352.22267606754,421.70680639793,3189.69731911194,1500.68802197951,3063.13250490796,1650.81463478313
2,-21.6430437066049,81.2401570039827,124.510200620968,-190.379257568218,102.004868333311,-162.901296419667
2,-72.9369559823096,107.225091175462,107.285378505717,-274.438975672806,90.639112374768,-251.481516153188
2,-29.8138789134276,765.160215955125,1253.22722833185,-1773.15122495999,1140.23947907357,-1443.36078968839
2,-304.248603906688,1114.85239353552,1465.79150958409,-2911.42950141125,1286.1819564704,-2523.6033418548
2,1632.81267712946,583.339721085436,2657.28413687017,459.054038023842,2520.27030812231,676.635126682363
3,-26.2708127054613,72.3879080614687,101.78581902072,-182.331934343083,86.8806327807009,-155.783220358318
3,73.8600138203085,92.5861892222233,247.332450861199,-104.167883021175,224.132824022555,-76.8503196794406
3,90.4174697287969,441.81583763635,989.120236002429,-747.515901371244,828.873429871079,-652.961920159688
3,297.723586179578,477.620302735588,1306.15176712557,-495.244004199751,1178.05685680562,-419.009345956943
3,2083.14920545491,350.085479083748,2776.47965950514,1467.60637158698,2668.05762729447,1557.17531900802
4,-41.2356351540349,107.48195337713,114.655671979745,-275.730036928654,103.054869114218,-227.009573735954
4,-202.000806279564,123.06646737743,27.7363645597576,-438.853496698802,-8.51854840152802,-403.898688937598
4,1638.48642088941,595.158041833275,2910.89785712843,545.802013946438,2621.58702795426,709.797717862463
4,1870.50382292579,722.365068119924,3374.5076745802,452.28876745588,3069.10023495487,695.033786259062
4,1139.86782694794,673.182934799351,2283.16487088095,-161.6103729257,2178.40254147295,48.6106355126833
5,-21.3366414442701,81.6276886311516,143.182411285642,-185.257028436013,104.635739778714,-158.30073380978
5,-17.3561532019539,90.2087508741183,149.280011278248,-199.170747304456,129.706602981096,-167.585488109034
5,315.912858774088,234.816055037757,765.49889414681,-82.3717315561112,699.300418632687,-33.5460004544406
5,423.400345921806,324.845859414559,1093.63468917731,-57.7684987772031,990.777903748558,-4.66252080338881
5,1712.92933335395,476.073767695996,2623.80436313196,799.599548729138,2508.20188000445,930.672396473122
6,52.9630601120903,45.0798669991085,140.170116187004,-37.6926647668013,124.667996390387,-22.7039440489418
6,-55.9102728971045,82.5652931578943,110.452332737091,-212.949819992155,75.8711018476969,-193.579678241041
6,277.305416918112,424.799439690825,1124.47377316341,-455.449636459925,955.730627229534,-349.661884794629
6,387.871359234114,480.887675755236,1421.86823920934,-387.719683239361,1184.08380608414,-285.342135484747
6,1551.39924946405,454.632148652968,2467.34092203647,631.42046358399,2309.25586267397,797.856463037381
7,-44.8324907914543,77.5234716226875,94.2006839194014,-211.618845022287,73.745490178705,-181.462088504883
7,-208.960442297637,105.430061480338,-11.3323709200755,-401.5516006917,-41.8947117082388,-373.754880006034
7,1353.47390455958,710.69486055993,2802.8660432881,76.8762019277603,2608.01282271837,258.832576451607
7,2208.32588103231,875.890445521201,3962.0407625551,607.467457392507,3748.09625804151,804.126570051817
7,1463.38300801192,436.433852753453,2265.99683444071,592.838901152319,2163.46810500157,742.480211591496
8,12.8215940299897,72.5760652544053,133.831484844082,-132.380640773304,116.509653512562,-99.485774376036
8,87.1943175687303,69.0365318540699,219.940959610892,-52.2676272409323,187.793162966431,-25.5444915023034
8,826.690496321927,501.693991099786,1941.83259611329,73.717848691523,1695.61653732233,133.735157888809
8,828.936186933365,558.946988195332,2032.41216610365,-6.35206344532519,1781.86891082753,49.6982983680496
8,2729.78271703657,330.56412926452,3376.1968263902,2035.79733646943,3287.20340909589,2176.02855125124
9,-69.8082133274056,69.708351231918,60.6505662871634,-211.379656162281,43.171600934191,-189.218174850059
9,3.73885811923128,80.5661505831417,158.437329597832,-172.941384464427,129.966003624648,-132.692341763769
9,102.041671922791,165.659778249119,404.221348473219,-209.625140602594,374.029888814413,-175.703152574595
9,46.0617583091715,142.003481446863,312.591031580769,-232.35388707931,264.000116366747,-195.409036658494
9,1656.83340164341,443.220749012967,2490.9023573034,738.548695607734,2332.3783931099,894.078805748315
10,-4.07652108401257,62.960739942607,109.972275918096,-131.143125113027,93.8941637823548,-110.973694172533
10,-24.714992615749,70.5305914874655,112.991963753116,-165.993903666097,89.4345443404451,-146.784895515904
10,401.949292682533,335.83084885614,1087.94911615146,-246.842518851631,980.858540112097,-96.9435115708445
10,569.874015363266,426.825419420757,1495.59158255238,-121.377618475402,1316.84906175964,-55.6628984523023
10,2441.27229121986,480.319085585883,3318.60461453241,1392.27134268843,3160.5791762519,1544.94799124125
11,15.8559899992226,70.8907873625869,142.245297938397,-137.668871270223,130.958528833037,-105.58033735238
11,-46.6170160695477,75.4077615047532,98.8306130464771,-210.081484503814,74.2699885413389,-181.085261771761
11,183.607348185719,191.368837587948,523.721912298848,-203.452105102877,474.106078191578,-142.948019019326
11,73.4592659615607,163.645100409156,395.43038873228,-266.477579504878,329.022601847866,-216.793929069775
11,1371.78615370941,430.496808976944,2214.37831431185,539.644120025803,2055.19049692543,648.665768347444
12,-14.0672331972586,83.0145949048697,124.388260555363,-190.377333510456,102.574484821382,-144.183769321616
12,-28.5969490596198,102.19215532314,161.465940665237,-218.976979331498,133.198085913046,-203.756951203325
12,406.996879572475,460.502342497352,1303.93100137667,-488.047223648712,1198.41788862731,-290.721801485598
12,649.851644661865,545.446829236675,1754.41041997669,-303.633955618686,1644.81541661637,-129.935311838085
12,1886.82404756569,346.498871392709,2538.31654878838,1219.47688820298,2429.01533341719,1295.70056489114
13,2.74125363229689,76.9958918946898,141.061991383029,-149.050779898745,120.215466925613,-131.464938687241
13,-66.0785483218761,94.926602242189,101.936449586035,-264.990482427342,81.2200275903129,-229.022469535466
13,1153.21153531269,649.576115847839,2411.58388102836,92.0407924162043,2258.4328983626,202.784530948379
13,1293.84734032007,688.694919648391,2652.86057056694,181.735815826373,2429.14001725487,333.520782701112
13,2135.1434890523,450.878169260065,2917.18637656611,1178.63099333767,2858.05035146918,1355.30911210253
14,73.9157356024704,45.5423986013596,158.176961297117,-12.9992320626802,145.566983683384,0.535013941208441
14,42.3301304919804,72.8847254112297,180.897074217876,-96.8574642874126,156.372102833876,-75.261960344465
14,1179.05686852841,685.909269533726,2616.90196400778,33.247738675871,2417.4571059527,197.249757125116
14,1303.62896365819,736.300844227387,2898.85211501748,34.2015029030293,2629.3580686344,263.249188420081
14,2022.03799061728,426.316453369762,2751.13360271898,1132.88736203168,2669.66635585445,1344.14693797819
15,-15.1949766242996,51.9701203101965,75.4545837938303,-126.294174152799,67.2452910946205,-105.175566047313
15,43.0668410852887,64.4763176244076,162.611936974935,-93.3625051483226,139.895657235889,-64.709867712499
15,460.149671063809,224.744730636666,937.662874428051,29.450038129474,866.393675790717,115.691612815328
15,460.229551834323,284.383990986603,1051.91504693823,-6.31283239888186,964.10174642697,56.3792667536076
15,2195.77127247855,297.77114710504,2756.08992583475,1615.66075134263,2648.55294320082,1700.47489574747
16,-44.680262649021,98.8439698215525,133.318030386366,-250.416618094874,106.241345832579,-206.907218649488
16,-108.862141402072,133.916593334928,137.080089596511,-375.039367488268,91.3790274144448,-334.126822349454
16,-354.781750077118,879.819691553557,1115.48451248739,-2269.19138348086,999.711712840775,-1880.488078558
16,-710.403553636989,1199.77239150952,1166.6661690768,-3160.52794475607,1012.61558521279,-2907.70193570864
16,1512.27096315171,558.944585382134,2662.77229186512,516.63320841489,2436.76340305339,632.352850123214
17,7.89708754403192,46.6887520491498,91.6499966940652,-88.1918353886845,81.3573893371816,-74.5749934119039
17,16.6123699632924,82.2557222987596,170.562274219851,-152.975210499503,140.222696547361,-129.802526050474
17,-127.821742964391,1532.57910458502,2284.44339795821,-3686.92288057471,1959.82772735167,-2806.24844548803
17,-356.848602430859,1934.42464164972,2635.63104895974,-4942.56182075507,2281.64851537762,-3777.43445952813
17,3030.35017371814,278.270796830246,3546.38599094827,2508.5431566179,3439.39686447509,2577.29674901405
18,56.0450209740836,48.0710274802349,147.799182483097,-35.2348589136208,139.650334013133,-22.3099168100377
18,-20.1617219203554,85.7919725310156,122.0662510849,-191.354203148403,108.530197824247,-168.019731167369
18,495.351243802692,690.34874317093,1774.56202346115,-902.485791564784,1551.43591696718,-634.136127274248
18,573.176619392418,660.844781062344,1777.91664497343,-746.94587041247,1604.56825398217,-521.955545296653
18,2080.1548350569,431.969939351441,2853.76852342853,1150.79746515689,2745.78016451911,1287.17336625278
19,18.3798384784077,72.6370763747041,161.643677943046,-117.683772220671,140.495714170591,-100.786461091676
19,-93.986374504497,123.25631055422,122.361837374896,-373.623583198629,97.9136539848914,-325.072207386458
19,921.710453709226,885.527025345782,2806.16149803115,-708.058793191012,2290.044449441,-524.842483202278
19,1350.46247227979,911.101756129137,3249.89200404157,-247.835511109682,2953.20949348834,-56.4548107017092
19,1491.88420473857,497.658643298567,2422.55337459201,430.469805322179,2254.45946662701,615.130842670068
20,-24.7994425695973,45.1130068398018,67.4076989699973,-112.293597494843,49.3763989116735,-96.3563962364234
20,-49.5432498090252,72.0739764417992,83.9044332274846,-193.623439355253,63.7912680799637,-163.986757089076
20,670.848856339292,372.284310942187,1416.15684544995,-38.2190149851556,1282.74134740296,66.1206732399662
20,867.171314024563,478.659023495291,1902.81441038116,27.9620432177644,1660.58938047636,134.913914404439
20,1595.91308787522,479.534933450928,2525.39038154949,696.107683928751,2330.84349594026,832.344477293092
21,-3.42862621489001,62.8128851374741,114.982643013138,-141.274750157234,92.8879810093123,-112.564514402399
21,125.881472733772,70.6439458079234,263.518363930901,-18.862922162105,243.521932791656,19.1437044804397
21,77.5867310563663,1289.20821034379,2066.40252902407,-2676.86689241458,1919.72404928018,-2070.72114057009
21,246.933127411584,1626.1715055681,2758.17163174988,-3218.96627438397,2532.31562340236,-2505.80832685249
21,2569.90179921526,451.033916331483,3442.97170342857,1631.13501941839,3224.69159345068,1807.27943424162
22,110.010638889152,50.1938068633556,203.46155321762,4.4638611025556,189.430936666266,23.6043354737959
22,83.8171788313993,70.7178767233353,212.600816671447,-55.0721439869544,195.709705119678,-33.8946564371823
22,-1770.37786002033,1450.21904145233,275.173816592093,-4965.68233407064,171.303254190293,-4414.68465328387
22,-2209.45978034284,1683.541166728,240.573965721746,-6202.20293755196,150.469379833682,-5333.08337817668
22,2159.34258337637,441.3052639387,2987.49956914318,1289.1708856541,2880.43012458794,1409.98386884829
23,35.6105173869591,73.088598008138,164.245669190922,-120.757725669435,146.486516552378,-98.3935328415041
23,122.654645610019,96.1143929933474,289.505271123688,-81.4889464974903,271.259895819378,-50.1401392493556
23,459.814168487925,318.566583327038,1111.9821098823,-111.935697672106,994.67985465613,-51.3149792609776
23,625.299495682328,464.139066936101,1569.42349666584,-160.716155228082,1422.5503052934,-94.2427971967004
23,2177.76493515689,529.156241513041,3114.83998766544,983.266579029028,2984.53488019952,1170.19076976431
24,158.074632935023,53.3903150736635,263.924911085467,59.250511753775,242.487752438191,73.0612149265547
24,-137.883043908804,100.768190533826,46.4731176577945,-321.180600633781,21.3155348233972,-303.339407274438
24,723.976899426682,669.093075648244,2137.44567804988,-477.413038659165,1890.94460842252,-289.515373153539
24,1016.90029277547,658.136641236655,2413.71242022216,-91.430905538932,2213.39653482039,68.5273288058099
24,1742.12006159328,557.635132267008,2739.89128797622,686.200109304191,2634.39027785583,796.661723915659
25,101.545441289692,34.1562167946659,165.793652467086,36.8934065413412,154.364638759902,47.5455815235327
25,26.602593685984,72.1221740376716,164.78342631696,-113.603186877909,143.42379156538,-95.2819801829132
25,201.109194651734,458.005288923075,1112.98391136195,-674.556206626109,973.0076535646,-575.403416636887
25,434.344076870272,536.922184597865,1537.90420625115,-528.336089161174,1371.4440721582,-414.891105268479
25,1933.01307236986,518.165317100894,2861.63334100466,807.926213841012,2757.55971807066,1019.27324280786
26,-22.2198017263388,76.9133818681379,111.290699447616,-181.417797029679,94.7719330672409,-148.859238495058
26,58.0623835319756,98.6740822742819,235.260630891805,-141.817724737618,218.457151983126,-98.9918218132091
26,815.182495084036,457.183780928722,1856.74383616704,142.609740588771,1616.56766329891,203.34509535824
26,817.029838887423,506.392200296069,1938.51954095859,15.3408503205964,1744.66417612799,93.1379664027355
26,2200.58861296162,391.507055774431,2993.81819082982,1455.01440658683,2874.30525822587,1574.63594677365
27,-135.201481108798,96.4196946842116,43.9163770774201,-338.602364744603,12.3540956167718,-296.540609075957
27,12.8115739932326,111.733011900728,219.526080710052,-218.530082237677,195.559062189299,-164.589872960222
27,-1339.59199303951,2134.92880775416,1520.04104900637,-6150.10823760248,1231.90028889518,-5331.94073035458
27,-1279.38662165763,2181.17946355952,1693.8198020998,-6285.31822471015,1357.527138583,-5381.17089112471
27,2219.60885080457,445.625748758809,3040.79850743964,1319.28235852139,2901.99230895361,1486.53887383835
28,-138.896011714057,97.4539208911035,33.3423166260006,-346.731645799596,16.1500923339657,-310.400689587178
28,-255.921597797329,118.249739881625,-21.146895774665,-482.301052863422,-73.7880131551407,-456.411705157616
28,157.192111520123,782.369680940697,1740.51191975126,-1357.62628464888,1421.28566304338,-1051.57781569237
28,249.034720534143,1102.44717995572,2145.65499262243,-1953.19942893646,1922.55888532875,-1580.93393460003
28,1657.54223677094,486.376554189879,2556.64137388887,676.259525386252,2444.85741602106,823.245727857556
29,94.8587882775026,43.9286311655298,182.642649903241,13.6718244153104,168.087024445961,23.2620777438454
29,78.8112150449072,63.8359502099334,202.287898567622,-50.852325891447,185.429570988623,-27.40437085408
29,334.928674867775,257.801055034176,839.133917707956,-113.268824931255,735.156237165353,-57.3235276755869
29,453.34225162787,345.676781391028,1198.6265344961,-94.5642538621191,1066.81544493273,-37.8515557169116
29,1939.74078148889,378.986369441168,2789.081103317,1214.33367227728,2592.48069278132,1326.84790943207
30,-29.0851845562418,77.5745204342147,123.068870420965,-174.753084091571,95.3514670343842,-155.77185894912
30,24.0821589720265,92.7733463014213,205.938254980026,-147.260750321313,176.134383159131,-126.372651821573
30,-972.75464157282,1999.77860161378,1558.14353870631,-5414.9216355148,1451.53030087,-4859.05629677012
30,-952.839590249564,2059.47722418019,1711.22963877243,-5511.63476311962,1550.9200337474,-4909.19712823006
30,2103.11508344145,571.033641614593,3137.19104237379,998.781575491861,3020.17452383974,1138.86124212417
31,-89.0931243175392,100.471718938909,89.3052304593533,-304.093504009166,74.406430998231,-253.477399527235
31,-51.4073936580096,123.227107176949,179.072395780057,-308.223011143352,144.262412182638,-262.733495343201
31,216.087688178569,369.341445408773,966.93793832642,-461.439422834717,883.649974566458,-346.329604529549
31,265.949291505476,426.613652847811,1168.34220490896,-500.692446798487,1013.77633724742,-366.519119508613
31,1250.01059565331,643.074084424857,2433.44223123633,-97.4570865758511,2241.95207023281,136.997829741215
32,61.2775394421328,51.6533859744005,152.364842416423,-38.4205477604828,135.494910938427,-25.4146040748603
32,66.4257178203469,70.3524146360802,199.965181668694,-72.6684051514216,180.071015310864,-55.189172839252
32,96.6167813314898,233.662133547119,557.93270391493,-359.274614975452,485.20085658516,-274.667358244805
32,145.441282920575,229.634226311377,556.650805678566,-314.85228852759,503.674297765647,-255.696858844161
32,1279.05702544893,452.666903365438,2171.65838420348,320.116749516488,1971.79360415367,487.757709583064
33,-41.2567647359953,84.2254299884586,94.4608135529058,-230.495195541771,73.2521340816111,-202.968970340625
33,54.6064568621352,95.5645013134324,227.183322199389,-146.277152377072,200.985138313845,-102.786743687397
33,-304.766896027434,397.990753196828,319.597256456496,-1194.0617726364,264.825189483164,-994.831466013966
33,-207.571763956104,324.300106026205,304.670524089123,-908.70939342625,264.300244753011,-777.573094868468
33,2562.13929836898,510.690178126956,3449.48692774696,1552.32485104093,3328.28937352322,1713.67290636349
34,95.8949517537196,73.3566792549844,243.565741001575,-41.2214335313955,217.933332195325,-18.0680792956373
34,35.8221336469916,128.183228221202,264.334617156513,-211.78930106734,240.850262375586,-174.489076042366
34,1074.86304203214,452.715321931406,2124.02003459715,318.715135877756,1854.07822637519,426.450063910058
34,1334.61038526242,558.664478807043,2569.87244756471,397.633358089982,2311.29220908866,565.903043244379
34,2284.76673088172,659.816754174773,3410.53163649041,900.97176225449,3251.087707884,1181.71997553975
35,-35.2404042528137,66.4268554987973,91.1410675330023,-176.727313864167,70.4876828917296,-147.431573704422
35,-0.983386017670033,95.8579082948463,180.545104242962,-185.109186690451,154.392581152582,-160.875054710031
35,-1099.32510430978,1385.08503512291,1158.70482769903,-4423.3466368538,826.1069300467,-3486.00721999707
35,-1049.76730929479,1401.14274216413,1206.2804793602,-4465.81472437222,845.996722015754,-3490.95560354847
35,2084.22793298606,435.949581827938,2887.07634666041,1273.20187299526,2808.49789838808,1393.41127265083
36,-31.244222027783,66.8652290971275,81.9748066641647,-176.006588499765,71.0902684522014,-148.990531965595
36,-72.521415902236,88.508413795484,92.7005971981459,-256.667209877093,74.6036760060613,-223.399058061309
36,-165.058286428612,1104.57043856872,1489.94154719957,-2658.56440489874,1228.36237516097,-2254.81662323452
36,-158.310617491752,1425.30973131802,1922.58221133433,-3399.25528717167,1599.79656803088,-2856.42624130822
36,2031.71418714452,466.954496447346,2872.16865445785,1090.70055561193,2764.9701078979,1227.57893228712
37,-84.6026362227549,66.2849695051894,32.8036137758654,-216.908133597834,20.8456862125543,-202.58141423001
37,-97.5170649082952,102.299527140539,84.591508790963,-313.246194865497,59.9383620251767,-276.904800825792
37,-1751.14752719234,1805.98049523002,602.272285849372,-6482.10745635299,369.562275969704,-5223.83960791998
37,-1507.34309607001,1853.98672010077,847.059178553479,-6486.39279761251,700.016172367927,-5158.71063422748
37,1682.75834105052,550.383755896272,2737.68814038405,657.875296888536,2527.87368946865,736.865451004933
38,-49.6282556173103,110.031129075703,138.339058611969,-278.473781032289,119.913912908627,-243.416541228982
38,24.2552167793387,107.306523217495,202.572125977001,-221.290406023514,186.30790931902,-152.985369589221
38,583.567460875286,546.846610772526,1578.08125440292,-634.836086587433,1433.98162732259,-342.180144269316
38,696.745180862033,572.848779008708,1772.57365568426,-483.421954902333,1645.66355054755,-222.873787190973
38,3033.20289808042,296.25820514426,3575.75273106178,2430.47545859347,3489.8890418351,2566.31712767399
39,-48.8325423323647,94.0595178285174,112.551377702714,-252.107646934317,90.7316379188414,-214.063014766059
39,-7.20928085613863,99.6449707276879,166.346604838998,-227.67155668739,137.745898281872,-180.084484493665
39,-31.4134400340706,129.775854310556,234.431180518215,-285.895786229524,183.149578723019,-248.980538486982
39,9.73449698869691,112.422499541157,222.813193815912,-193.579306405251,197.445676979497,-160.593588140735
39,1328.62054241632,496.783643789879,2247.15772970419,334.38691249779,2116.81100798793,479.124543915634
40,90.7612915190876,74.9949355524689,216.752456244288,-68.1011876175215,202.567074053346,-39.4946203136507
40,-25.5322879456334,99.4381557345023,155.070871390279,-238.072195631383,130.90035912235,-189.190236005941
40,345.539565020192,557.22843837285,1691.83113711469,-575.780225350713,1346.90740454936,-476.85565501736
40,418.538480199868,516.345073213987,1687.43246134729,-404.486972588212,1396.92459230366,-297.870758018373
40,1421.24167252085,535.452269711676,2426.86986906135,341.527778525661,2268.68413112412,490.169952794424
41,-66.2825000814892,76.0162700187413,67.6196614781704,-220.578789386048,49.5190243611318,-196.669034349416
41,-107.508975393248,92.8647141082578,71.2675498995501,-297.518366490346,40.2565405479886,-262.295984767212
41,10.9222441613083,1052.99246810754,1820.2802224546,-2374.08868008321,1556.73189861843,-1929.83130947798
41,88.8225703545925,1320.47206397045,2302.03588415962,-2957.43282021741,2031.49387574182,-2395.97386789831
41,2275.7852448653,381.35746134747,3056.22772843344,1551.41727607991,2879.86046494151,1670.96184579729
42,-44.1581493511119,84.803344047957,99.7473050685124,-231.02874171488,85.5805200412091,-193.77163399998
42,-51.1584228984581,121.611229248644,176.701001016972,-297.142815597137,147.52293461913,-250.211088162504
42,-1156.00899516952,1197.35805292473,296.782390543499,-3711.52892222129,257.201225636537,-3330.01745409865
42,-1699.95605595274,1514.57921577614,67.3346313674686,-4890.44145845233,12.3533128536668,-4490.98032688144
42,2149.09118849405,561.951120776751,3191.23933249918,980.213114207655,3019.12714333415,1141.17422724337
43,-41.9940029233735,77.1396093248601,103.652890677366,-207.88603978954,77.122364118317,-167.598752945617
43,10.8869121436631,112.455906488666,202.643701453623,-245.27449931515,179.891098026868,-186.750508194185
43,-134.706057106212,845.221011458073,1447.65111014796,-1961.8236769618,1204.69083301931,-1570.02857941594
43,-538.029116031297,1231.85902423253,1709.3816799446,-3001.20605427591,1341.31241352263,-2667.6395525582
43,1992.7623866871,529.858188495796,2989.65528188712,925.803513899411,2824.51773020472,1078.6984025694
44,7.29304962719081,65.098548187348,124.69438080362,-136.907201580828,106.26920515417,-105.173780809509
44,-181.268941708961,115.860250223756,28.1490770257676,-434.619313002868,3.16573852593444,-368.416356309389
44,-766.374760166203,2391.39631128427,2835.48362033131,-6114.15455333448,2461.70278532765,-4959.35986202706
44,-533.512306628453,2443.80351325339,3244.08229749953,-6084.74804103673,2796.83201247009,-4786.79698263662
44,983.344980423196,765.682200961635,2416.01655579824,-603.603661371335,2177.82106696836,-354.670465399923
45,-23.3657872342986,105.814599654132,178.876281772443,-242.222747590797,136.761141192802,-220.990418356489
45,-75.0218921192551,113.67972255125,146.511500523253,-301.131751251817,111.48162856575,-274.11616498265
45,411.425965265287,418.923281024305,1274.62262170806,-432.147397976933,1102.7042694303,-227.369511909319
45,414.672513345681,409.108615996035,1288.65179405718,-287.66713804553,1151.8577545493,-197.984509251838
45,2258.80259919315,555.66441885663,3209.18851526366,1016.47618620678,3110.04336866347,1257.6886581614
46,-160.613309864301,117.416610903919,34.8718952260606,-413.15570060837,9.89103853888396,-360.869793196276
46,-105.688891491345,126.973248003501,118.007727494865,-387.369345310492,87.0447666415941,-324.015585791659
46,-664.914786428424,1822.26177761336,1870.61970894431,-4892.13378879856,1733.97059385296,-4064.18848384136
46,-633.021713126144,1871.28162904503,2065.99657071178,-4997.74882315237,1824.46440082273,-4069.5591161811
46,2249.39619163339,549.319999396284,3180.45606927383,1135.19140557537,3073.56703828682,1355.30836485453
47,180.908122728264,54.6765775255682,281.62932089028,69.7552231263064,265.291688489058,92.199344030181
47,140.695088936788,63.3691593611949,275.481556117226,17.4784448242947,240.648084618955,43.4542735840615
47,-317.837587145645,1542.17014223429,2086.89757707863,-3975.6388641326,1807.56555822511,-3121.16562636055
47,-282.527321840652,1573.60726761506,2202.94562171635,-3999.9257837289,1901.0628946761,-3147.94894781005
47,1848.82771922737,491.99468811685,2753.03196609638,836.814006731935,2659.47859719975,1024.43135211164
48,-62.4713513653562,76.0548705427927,82.5029865474728,-207.075745868991,58.6519147237654,-184.558705512504
48,93.4925895968387,71.7204153519556,238.792358526833,-39.0200971707665,210.571548001869,-23.3168437929993
48,-1111.88858728702,1417.15950390509,806.648414091353,-4345.42214429301,714.899750542654,-3771.14278373472
48,-1073.47198703145,1461.65664547129,979.21439345521,-4340.0422727112,863.563849123305,-3858.30579548668
48,2413.63446807871,374.933856715122,3172.33656900709,1661.46011017218,3052.3443658829,1779.96711012897
49,90.6880522543173,53.8179576326995,198.70295136768,-21.8607406044418,175.145118072869,2.94786225780729
49,121.180372046192,88.4331103124671,291.028594217834,-55.5621424876201,250.532016690945,-31.8877513795691
49,463.742092351919,562.114337259673,1639.12094894187,-641.347575480115,1417.74011265799,-439.051481441732
49,676.837906156542,662.560233018236,2038.80604087359,-510.980746707918,1836.56940323331,-288.593228325136
49,2177.90167093629,398.348731192576,2900.29779038745,1356.14101008688,2796.57539742198,1516.96725085135
50,17.6549393620855,62.3023355813032,137.938577245472,-116.383774783595,115.029307916108,-95.2977755462248
50,-180.942084324674,113.317356804858,23.104585829072,-438.259049733678,-2.86036631324931,-376.210151840805
50,-1555.31356013371,1776.35445314888,962.552349876028,-5730.76172091349,707.480865848652,-4907.47495431162
50,-1367.05278003906,1823.21395284456,1249.03852654679,-5595.80972889208,1003.447637249,-4802.36939674591
50,1518.11261133358,568.219318501344,2475.44982479802,296.506817771933,2399.83455182969,556.195920885008
51,51.6641873947739,68.7015530894016,187.447487617667,-86.6237550269511,169.954978829266,-58.3142141905267
51,82.0488434837068,86.0242563888854,234.301536663139,-105.821357454293,210.158693961371,-72.6714076279049
51,164.668865916201,604.709794175804,1366.28393636259,-992.491552076124,1186.79554434572,-798.287890222479
51,309.284407328762,596.687880741638,1578.2683757787,-770.64687568894,1395.32600296432,-631.425239683869
51,1803.30269267403,528.700065524917,2769.7202607827,621.819674497994,2649.04041990316,867.411464437461
52,-2.52633389419915,89.2450493149419,159.282551715986,-202.023344185581,138.761913465411,-161.112696431826
52,0.404792241874381,113.475966814478,214.062249707393,-236.16771576323,173.445048652499,-199.308299128821
52,233.220551672979,890.985223928214,1845.90458515019,-1665.23906471949,1529.29862419553,-1351.22298519943
52,87.3168930163312,1366.97689388141,2262.8602077822,-2862.26417550827,2005.00596545498,-2358.88910416321
52,2611.96073503041,409.466337634091,3428.97496761426,1779.5819028826,3300.11359964692,1904.51395062366
53,-78.8648373518218,79.4510339395775,57.6535732862302,-254.95361319662,36.1286723930177,-225.651448639963
53,55.438543181642,80.2022409711842,219.257211155321,-105.615988115174,176.577369819822,-81.8127821104489
53,-770.001314048894,814.407193163957,291.87552546747,-2646.70504766455,211.654446007454,-2361.64853719759
53,-1353.95747145617,1350.4622566296,200.808766605126,-4482.21785498408,176.641260313256,-3873.85396114704
53,1820.5403303095,569.592170525863,2975.40295174715,674.620569968673,2756.18439646434,920.786705468883
54,-4.22996937793707,57.8960324125786,106.267556398614,-122.974393981046,89.4453547965491,-101.113128036609
54,-2.72319832139218,80.1577067768889,152.983802083163,-167.405483048201,129.369083764772,-137.19393012309
54,557.947908486186,400.3488168325,1381.48288883898,-217.726341632033,1222.70811668456,-95.6025715070518
54,766.849847283449,505.140622890058,1894.44822858368,-126.930632479323,1646.45145625824,20.3225367452629
54,2024.80363401888,412.845240777517,2795.17393345582,1155.082225539,2711.83421594367,1319.46403547877
55,12.0482324169707,65.0913274386443,151.880811444409,-116.854410869962,116.176312571751,-92.2634607607125
55,51.0247666463252,98.3266513606601,242.13842397744,-150.167238211677,215.154365050111,-113.787513214956
55,-1730.52567728654,2261.73477677936,1740.56109430144,-6818.68809872229,1450.68047674938,-5589.50256957732
55,-1868.13828539143,2523.46721200598,2132.79360518996,-7440.15714558328,1762.41320321696,-6001.19236220598
55,2128.49314931836,449.605991472941,2960.54358784433,1208.17448852291,2816.15794094756,1372.72775642219
56,-157.484591558325,95.8197724726211,19.1603138502585,-360.72710465424,-6.96446578544725,-325.1151021421
56,-102.058200251161,105.528851455117,90.6131107198466,-312.569072848941,77.8195991870773,-260.1873778175
56,188.281827289604,876.214312374464,1761.98122899691,-1617.7322135343,1545.77247256718,-1336.73129944759
56,-276.742144133387,1278.01256891813,1717.93619586224,-2925.38702726514,1524.88708831386,-2653.06010362703
56,1462.70373862535,497.456875921807,2415.61696902215,482.66696508958,2257.7175463285,662.143920926601
57,86.0066554873771,97.3497207413272,262.425699790465,-113.440714734383,231.396250739903,-75.7179806087987
57,133.874385688042,98.6133885876224,326.502826678726,-73.8354010160787,300.593514680208,-35.8951311336396
57,445.668563133226,497.710761421089,1517.7040463031,-406.182972153458,1343.96640461865,-280.157730853655
57,660.497018405209,525.500246578635,1803.53582593972,-185.75781066178,1595.68342106705,-100.310715192912
57,2345.82905883725,528.098944899491,3327.20124725133,1340.22230515885,3221.27504915821,1468.61923883777
58,45.2208504160781,75.4683207859568,178.375487859719,-117.741176182925,164.10720563544,-83.8376299740404
58,-41.5988651304012,99.830178924053,158.318626396269,-247.978334942393,114.951293538608,-204.992951407686
58,-272.739376270449,1066.79771312508,1507.11924821755,-2662.8088325925,1277.16537991563,-2190.63791826945
58,-408.189880191049,1303.43800906976,1732.4929313926,-3330.77479871039,1402.19748403956,-2799.26883386991
58,1798.2157348214,486.012676227664,2680.92244049273,833.119050835372,2577.86502462114,998.222273013497
59,4.81668534001957,38.6505755575787,79.1135898982606,-72.5034483684203,63.152995342282,-59.4989398952132
59,-62.1977439450523,94.8784099417297,120.198654897497,-276.118612574438,85.3597170898872,-234.128658701097
59,-722.297033892399,1260.51607341603,1184.56414041489,-3646.74489846157,915.968143868988,-3167.34480250202
59,-763.693725727021,1587.43026120999,1494.51037136014,-4449.39884262495,1320.28043592484,-3789.29163799797
59,1460.95777992363,631.174468484461,2626.76323030497,272.8211248706,2492.991593467,451.686088568756
60,7.66929310083935,54.7603872445543,110.046509781488,-104.035440871954,92.3553236055432,-82.3287440936251
60,27.4055831307139,107.397076048837,237.561639250693,-176.693207907056,198.675877221351,-147.70390683732
60,-624.001254514472,893.042683704236,925.699953458263,-2485.30043507317,676.559865912522,-2051.5871916954
60,-1542.45894684463,1375.88774873406,632.927720595738,-4564.68065595383,454.834789212703,-3872.40929965961
60,2028.93890950946,515.816321955352,3027.40429727706,939.912105766892,2903.13835877899,1134.29785599911
61,37.4656593175588,66.1866514324323,154.592816081958,-93.702046451369,143.062131925434,-66.0744022326818
61,-9.71287121661646,79.0138069169121,155.171730542638,-164.259759470986,124.699541381993,-133.256068262217
61,991.09839341109,680.197818888435,2520.31545695976,-113.142471720602,2158.6576637791,9.68015908592499
61,1002.18774253308,676.780424436864,2466.63410411697,-68.2133423967482,2171.14146330237,30.6501383988608
61,1890.40692160017,448.898761043664,2731.48054764614,981.396305051734,2604.51378978953,1148.51912296429
62,80.2160360842329,51.2389894168836,183.698744463538,-13.3818404595245,165.696861480262,1.19281783614031
62,1.00618146288062,109.748551868413,212.00863329261,-216.434024846121,168.653634267741,-180.73854981742
62,-6.17808869024526,965.735972874277,1633.39629599697,-2232.14242328304,1386.43408401226,-1685.1226664122
62,-440.09771246444,1494.40605597805,1777.87298444552,-4015.46984150807,1472.21171197745,-3221.5976523385
62,2166.39411538228,476.097273045167,3035.10745930695,1198.89836213121,2906.71123825813,1344.02740212155
63,2.4871875378299,78.5001697466253,138.177352657922,-148.308905723364,120.904760209072,-131.07739626537
63,43.5494126346695,113.816863180982,251.968273442572,-170.767111245592,214.728120559935,-143.858074355015
63,-750.031371416888,1564.65173513398,1730.07699963508,-4593.59847775803,1522.73136548544,-3630.50297331811
63,-750.678919020847,1584.13992081389,1751.55381794094,-4562.35729078775,1516.30909974201,-3685.36377915267
63,2458.68734859911,511.977465022621,3383.08388791292,1387.84533111778,3251.57060222242,1558.90946595033
64,25.6115613442888,98.7201655703169,200.210384027066,-163.318463194652,177.288187170512,-134.644335768053
64,-156.837841666708,116.151545125783,83.325158994916,-385.735382352865,38.8120002773501,-342.087158918957
64,505.987397238797,704.036685626397,1881.34897279566,-751.649502352189,1650.05113404509,-565.75137955192
64,638.724095139502,714.633477335944,2071.6321757432,-592.482706359598,1806.96531128921,-444.363940552311
64,1394.77552443153,548.566927758747,2357.67100062213,241.633129539623,2252.18121850634,453.587797871342
65,-80.6842497837888,103.571238477901,111.475117938169,-293.209123395001,86.1710873481373,-261.481306327327
65,76.9929004333317,101.472281640991,251.472991212015,-137.101781401444,235.821342306905,-105.271207415828
65,688.35456870499,434.371501509154,1630.92907481502,-3.95053142784528,1448.17370883824,46.4598368775959
65,584.584087370942,431.817101939734,1564.77489103743,-82.2558876691875,1341.27553857113,-17.9347285041679
65,1761.00662307358,693.006182738954,3023.89641675651,284.453477252342,2867.07024646672,627.225902377575
66,56.2516932305253,67.1801495950032,179.869575831858,-72.4179064666025,164.270923785622,-53.449943339385
66,4.25468889449945,95.7283860209209,190.015730889469,-176.194012748949,156.918857021418,-147.557018049796
66,708.838267453242,401.891443469199,1654.51159540756,105.908836798345,1410.87002618226,149.839729371739
66,613.102293509926,394.385252646769,1513.87998677064,33.5736688855529,1289.48196745934,91.1008974602229
66,1916.27561067462,493.673432668418,2829.51455122507,906.75600056523,2705.06378970558,1091.48005295362
67,99.6590782777104,61.7865930455386,222.231794955487,-22.3356259233443,199.122473206286,-3.3084147990826
67,133.748556343628,91.157962855078,304.731655934339,-42.4529564812913,283.280430114613,-13.7380838993399
67,-570.574664833908,1309.92393952798,1560.11000139679,-3332.15379486399,1312.91576950585,-2778.19839902207
67,-475.266025896144,1356.85312468887,1794.87947508392,-3347.07161284731,1483.18557592665,-2793.71455632919
67,2802.34587184745,390.614583336875,3508.58872609516,1928.21068495358,3432.92250657728,2148.28013335961
68,-96.4740052330518,83.7027171458149,44.8161331314661,-271.295844137126,27.4000483088182,-249.015273742614
68,-113.102038904277,103.280283763885,87.784260769088,-307.316660625226,60.136850238951,-279.177919350921
68,1352.8219007011,576.610702200562,2578.57199664366,315.922372190827,2392.60783600651,430.684445438816
68,1410.43544911159,669.831656208874,2847.67773947698,221.323359970785,2569.22120140661,334.971225919009
68,1725.22040231064,473.044134343569,2606.72376210441,761.611324436617,2463.71178296428,939.110454574077
69,19.8150942817426,50.1177855656141,113.252054077389,-80.8314932575134,93.7204283227206,-60.2022578779667
69,-49.4106448112575,97.2145681556799,124.750036604366,-245.775207179604,104.169887694456,-224.764431049377
69,394.80294175227,405.15166922667,1089.69421298815,-466.008281352736,983.485259518407,-338.782226311453
69,356.319630969557,337.648959914935,893.712951811349,-377.558411695308,808.385245692233,-266.737447585549
69,1606.27919004292,562.176484798139,2709.48720508465,425.242562107124,2536.92711171629,661.456011567195
70,-95.5995810653224,59.5158371680572,8.03929734498793,-206.73643225567,-1.74303540306986,-191.54086858409
70,-0.683014815865453,62.8231657944531,120.127941787788,-117.306688531552,100.816378620286,-107.620439101281
70,508.689296998811,731.137404566163,1740.89030523863,-1089.30828154596,1620.77464925045,-780.39696771402
70,81.2154979787306,1112.68148912967,1939.38681026,-2457.87416524181,1636.43493629632,-2010.46827729238
70,2256.61681692467,384.692744695661,3044.00806964106,1526.78132699395,2863.081516413,1605.80205524911
71,-3.71330290153859,69.5572949001148,127.3642614135,-141.059698361082,104.602641442433,-116.916633613015
71,-64.1587101814757,86.3719145512423,97.6404972568731,-244.983446075179,76.5878839827997,-209.558373288766
71,1769.03378873184,694.154241920718,3260.00529231663,550.799055668045,3033.65358591622,689.342281073579
71,2003.42037767799,820.139676000805,3784.83377508481,511.597401831811,3423.2316987628,747.096716632385
71,2050.783020756,457.380842816325,2867.47951883587,1114.49780799191,2725.79095058157,1276.13502090212
72,-30.4889570573976,84.5342967464991,132.15225987226,-199.94173435878,91.1447367347331,-171.43242208247
72,-60.0944490174571,88.3013981004166,113.198845633712,-244.898936239535,81.2948841996286,-206.292934615685
72,582.785451226455,178.510489186657,950.046987758773,254.664800179148,898.625320140585,316.838084274724
72,424.949175134334,140.58569621878,712.490364591598,188.275893329605,667.608198507013,215.662378896682
72,2418.76968024695,445.73025855683,3304.27611366904,1594.57462045815,3126.51134908805,1712.76129085141
73,85.145743564737,83.9519372729631,242.529668732522,-83.8178228747338,223.17839794737,-56.4155563363016
73,96.6882904366809,104.849127022653,277.145018919864,-132.636650336227,249.158019419797,-96.7871281634973
73,-1519.10455575186,3204.92588447203,2382.50098635297,-9176.94456680698,2151.87234356619,-7398.9027719076
73,-1390.76040465597,3280.51388926235,2563.42162467289,-9203.27138413947,2366.66090286679,-7319.63400216153
73,2123.90885117343,594.327640513875,3164.67993424007,867.312149570238,3022.66347387812,1082.96091817097
74,-140.714692654974,110.681757436793,65.3651625524404,-372.462122798954,33.4726344505528,-330.621541164575
74,-151.325849511844,132.473199511955,92.2903695238958,-396.959905303225,61.938415699531,-366.893414701689
74,-686.223610003642,1421.71234590692,1481.56957415311,-4104.01985455246,1267.76991282743,-3226.40393525045
74,-733.282687697675,1813.56888555465,1969.41449903481,-5132.47392319291,1715.89366822261,-4138.70115398573
74,1282.40265658297,588.289922562118,2384.28564591815,113.881798501278,2183.68612314197,307.222109617534
75,6.36301688083064,65.8820061653882,136.066318232701,-122.970955253405,115.369471467675,-98.912901128923
75,50.0140926292878,76.2237516527469,193.932790913009,-106.621304616303,168.043120151777,-73.2215834736909
75,-933.923845584095,1892.76330549878,1867.75195558508,-5313.24660129567,1622.25576239238,-4307.36031371402
75,-1069.03035276751,2398.51930265934,2345.663791003,-6683.64261055345,2048.44865963728,-5183.55900186945
75,1956.43718179361,576.383043011147,2976.8708064562,745.384311847535,2878.94746462824,936.661162567588
76,-18.7434708872544,46.8720530908887,63.921554435151,-109.860036110889,52.3829523557481,-98.4263836803799
76,24.4997758725298,79.135084659312,178.298565808068,-140.333011088423,148.639194330601,-111.892989870352
76,729.390364826926,626.058172498997,2082.79127090517,-367.209743672496,1819.11267601977,-249.005406728821
76,860.225993532581,641.268768723323,2339.04518189046,-200.351203391567,2030.4739848442,-75.1412870399181
76,2246.75162619413,455.777922512388,3060.80275942949,1269.91498061714,2967.83142875471,1466.48771752049
77,62.4340330883595,46.453219751318,157.577914195904,-31.5990902065415,138.947930827826,-10.3705942541236
77,44.0017847095849,70.6642990582805,177.598088555161,-95.7119166939126,150.857233089682,-79.9067606234338
77,232.568191058458,130.569553036484,497.422941378222,-32.6855218746608,456.157699929037,9.94475839740383
77,251.828660747195,90.2935046251546,432.644357092547,86.0107030701683,409.630323436442,105.043625375856
77,2040.20641472822,439.919217681907,2903.70626506421,1200.9180807101,2760.296737376,1318.10971774355
78,60.021944964591,61.5156181044939,172.302655750429,-60.7426417252583,152.081959569745,-50.1176949124035
78,103.212690223944,65.5740417305681,235.338966979863,-29.0473838290741,208.262002586511,-11.851757895105
78,-2357.60935963646,2351.93414625247,1674.95584801039,-7633.37081792006,1124.42177517009,-6501.28147241941
78,-2035.45760895731,2434.40326868709,2164.38075398544,-7407.21185969047,1635.26414474043,-6369.83119544618
78,2362.86640663374,325.760601381783,2986.38672027937,1726.78624741931,2884.6486115371,1835.19144065608
79,49.0555819875562,95.2053521444694,222.910875539436,-124.584233490682,199.568305685951,-104.944852793915
79,26.5872997968564,107.223156807958,221.714025900716,-188.150469160125,197.790964191019,-153.549166257459
79,1522.2508988169,733.134634731945,3080.98574239942,298.288677650055,2898.68311707298,458.014485664768
79,1732.95125224894,812.901030927788,3471.1865105591,392.929643681083,3213.06024536304,491.299353412379
79,1871.89968731961,481.589502859122,2770.53305612781,956.34030319879,2644.33988782921,1052.27295148288
80,39.160424914922,49.8710106182151,135.564760457777,-64.0900733530656,119.624647517914,-46.8250286550134
80,36.7079779197261,81.9324015533952,191.227886605345,-138.638452610806,164.110107142263,-104.404759930552
80,-175.706542500153,819.265417687907,1341.27629396724,-1808.38254018182,1052.3848803266,-1570.35448887462
80,-329.913077467294,1158.1813511177,1476.65565641251,-2959.08081646975,1264.48105597193,-2388.99693278982
80,1698.42376696537,468.684024193095,2612.03253950047,839.33294934535,2460.55942485722,965.651043530442
81,-69.9414338582663,78.9527224648999,66.8647205477242,-243.42957299678,55.5998100413254,-212.291992270735
81,-183.699200705082,95.8593124450006,0.359128517889806,-370.734531581684,-27.0440198701617,-339.242011377925
81,1727.10503111905,652.173224732077,3160.48603009273,539.195253266427,2810.29310578985,738.523677634685
81,1783.97299969747,734.500990290609,3363.25991084183,493.597664286129,3011.98508973705,656.566651366452
81,1778.94589444087,468.624015158363,2704.09523181643,787.830566978262,2535.85658295695,1023.60779662455
82,88.4416249170035,56.1208696475429,192.127511935712,-31.5430684945994,174.013262967916,-6.45847123031885
82,114.165914157242,84.081344402266,272.238566263851,-59.4838104267877,245.278706913917,-34.324757734605
82,-1352.29828399021,1758.85562286966,1037.62435467107,-5228.40358089166,930.334783969327,-4445.02071784313
82,-1124.73747652979,1801.18429754268,1447.67024266392,-5034.99508812649,1189.22259666899,-4341.24347864079
82,2249.2056047051,620.722614875377,3386.99226403515,960.474542781965,3213.64229061909,1145.57909218063
83,-62.2992696548438,78.2424697514187,87.4023984736576,-224.380813933357,58.044504056261,-201.710930965821
83,-11.5246442785116,96.394942005598,173.076362636447,-187.768781402344,138.454792885568,-170.156659340069
83,-2548.46254080858,1886.58681240748,373.380661683722,-6502.58422921368,293.719205423476,-5933.95681995253
83,-2753.44210903348,2121.2341390574,639.135983570518,-7121.30387472155,479.891303106764,-6664.00098956007
83,2233.16069754679,428.006935859255,3060.30543347996,1458.06495558031,2943.77475609256,1526.89552676962
84,-35.4291310055324,74.1655899172929,103.916988728919,-188.118710540119,82.8251154148119,-159.475801866525
84,130.916895053796,80.6445397876193,275.569743308402,-32.2622638838199,258.666638500632,-15.0605087494201
84,-963.467066103806,1294.11301898993,564.145311389299,-4185.09216967824,455.136736486248,-3492.55492505555
84,-1239.5584857685,1655.12354179104,760.536251760173,-5236.73009434924,639.56039395896,-4421.37382533947
84,2814.39566345473,343.074873637764,3447.15252257258,2118.25484500616,3346.33586594914,2268.25911387447
85,-48.267352843856,69.9089168029831,76.6930958087172,-192.883407609423,58.3910399083074,-170.565899884296
85,-11.2947637466841,109.11252975773,169.411181631419,-244.114750868222,150.187259786879,-196.346899191994
85,849.74080821216,448.047244930215,1856.97075028951,76.3905685632439,1628.19412392971,161.864361958449
85,933.655267296063,498.279036827382,2059.11316561603,64.3069628536427,1819.52785875079,161.233068231218
85,2184.24813686543,539.733576447447,3178.95455371464,1089.40829822356,3006.78927367382,1275.34746470268
86,-38.7253824081353,85.0974789678017,96.7218047007344,-219.019298263635,81.9062839297054,-181.530604278393
86,-79.7679694344532,112.659442615429,145.310699725887,-290.358076166632,113.950239044853,-255.738620395664
86,1210.72532383616,625.689521125926,2477.35035505268,86.0837230870115,2203.25338406927,218.622701800909
86,1449.75017202302,685.731757758291,2804.05047123777,202.336930576833,2597.23539569712,413.433596413932
86,2561.4169025541,446.999881831736,3471.42790707444,1627.34419288928,3262.86767116869,1849.96686951275
87,50.9730753296064,73.0227170468844,188.05784819958,-82.9186629859423,167.339160289677,-71.8713259819262
87,-19.4308220764534,95.9040955598532,154.708566325537,-214.221869307451,124.509183356361,-179.100503048918
87,1045.95243701391,765.286659016474,2688.38449646323,-262.699153936843,2320.9805218956,-155.181993090953
87,1132.53985337115,759.455624387989,2816.8113827099,-122.246294620499,2430.91067094972,-6.43103830319856
87,1484.37594705253,595.783527637046,2567.2110663518,275.330005583629,2461.04535509009,496.634064197628
88,-128.713825574408,101.220951068314,74.0460667911147,-336.66916286042,31.6492336695664,-293.718398868159
88,-55.9958695286856,106.541401104157,145.419145477919,-256.603041465661,114.480520773659,-225.155511280467
88,-1893.57942586578,1753.16783556363,121.334125634902,-5875.71232078244,100.609568652441,-5232.82234056059
88,-1811.97963443994,1785.2677221485,209.468360109034,-5835.3678773282,148.286118658134,-5199.11381216139
88,1548.51027382356,572.653008843423,2608.80060747556,380.560557406129,2490.631434696,607.887319250993
89,19.8475049405413,73.6739292539032,149.621686184668,-125.835773311237,124.145029728024,-109.134085551356
89,82.1318323334682,76.863414278885,227.752373828431,-67.9034601658873,201.919915257144,-39.6676212751878
89,417.003171601436,532.194742794269,1578.42247581981,-517.440004946225,1385.06930196461,-401.436375775384
89,382.587771176403,556.587881479298,1603.37872709648,-579.165974011997,1375.23984954207,-403.713104588371
89,1957.7343521319,450.124653589695,2825.43882841467,1015.52262012621,2674.21578103274,1213.57470456856
90,141.999915669499,58.8228116806006,248.941064215486,15.6097859404796,235.26147770468,37.9907627492396
90,0.573823344339792,92.6033668471343,182.404209066143,-176.789347456869,154.717081628091,-146.529780910949
90,502.862902470316,464.568749801571,1519.08367932451,-145.295417159707,1343.80249002962,-108.673639350828
90,780.707630166238,514.924940776423,1886.9928674439,5.75129714108014,1703.74206582899,44.5982393866264
90,1005.13770496063,640.063595695359,2197.18210124253,-240.02266458796,2045.08086907433,-89.4655281733125
91,35.1301353552093,41.580621630387,123.770051152017,-42.0069103198649,112.001453539849,-31.1608521276006
91,-12.7499025469063,83.494710541002,132.917056159671,-176.468870419891,116.496374889119,-150.276856025126
91,278.265646154027,89.085064603456,456.789496867974,119.808227228714,432.85681879108,141.246298347517
91,222.860775040049,70.4146958388634,368.697856785931,97.7109596691248,344.674972017929,112.767885050976
91,1965.78167443477,455.792642198788,2825.99528248151,1062.99347365657,2715.81173300923,1194.81509802686
92,73.0351044577989,46.5358853075046,172.181646345998,-11.6905119989903,151.349418188851,1.72506886417025
92,41.1957434837142,80.1875402830309,195.842764174748,-113.572582749742,177.944087310987,-90.813072944447
92,-856.960639750554,666.647033529263,243.485532072391,-2316.65773037145,65.1907270939188,-2094.01437071844
92,-1073.79684970168,1026.25317116028,441.436015362759,-3532.40926215186,304.444944717875,-2930.00265628365
92,2000.60795905394,448.095069168413,2826.55025490274,1060.34486861579,2706.35569781984,1230.81021648662
93,42.1505988539323,58.4759976323413,154.697377752898,-75.1715342420018,136.141290510661,-57.474846544387
93,-11.0023196702972,75.2241849131467,128.656470119309,-167.703706536682,109.070284576713,-138.147077455344
93,986.023893326246,693.379262588142,2429.79333963292,-242.870597942718,2186.85189056384,-134.661556845418
93,1262.48758780767,787.665332566898,2985.10500104253,-99.3908282676679,2673.08124533678,76.7798463898451
93,1730.8955707787,474.227057804094,2615.49629252489,785.495893804417,2496.29978711574,895.212572322446
94,71.1302108185666,51.3545174146727,165.512015358887,-32.8033002860681,151.473792561785,-10.3380005134957
94,49.5423431292798,80.4327470272463,209.41493346732,-106.447365502839,184.482294528442,-71.8054587284683
94,1056.58088790397,554.900897725103,2342.03994430934,205.136367653063,2011.97023656808,260.501152540348
94,1108.31647042338,611.654884997369,2569.66672081442,191.134307641346,2158.54754183353,227.86748652555
94,2257.86014176769,390.279928841104,2906.59230094098,1452.94356894942,2847.01891581382,1583.73864386494
95,5.04750687631604,62.8555920638835,119.954371976805,-121.081063141289,97.838446151998,-107.084672583231
95,34.1823915449288,76.2172972461137,178.339263349376,-124.48235709674,156.238278104735,-88.7864846668671
95,1056.45197772499,575.41785526665,2215.23484660752,84.5737765786846,2084.92576041432,260.332563442864
95,1179.91422905722,600.163303978583,2445.89387494789,228.600336277469,2343.50050628597,318.998204401805
95,2453.51982620492,462.044154911482,3341.709874561,1509.74990027346,3218.6522464587,1676.83561956437
96,78.1121606581781,65.0219813002063,199.779301529531,-61.7041908673324,183.581254866728,-32.5551340347774
96,99.1622529675697,86.0897543450293,255.049733507325,-73.0694871887407,239.254125363673,-47.0297316815881
96,845.252907875413,547.780955956931,2046.47849917244,-29.5644823789844,1837.76132713966,67.3176737670361
96,829.072611795783,592.844154064046,2142.16454199872,-86.0644623727338,1947.97943403872,-30.4969536452246
96,2353.35015711498,458.911258791185,3219.58867261362,1276.88018107112,3076.56293267459,1559.63022430761
97,-74.7894384098353,76.4479833048987,67.7871629269888,-229.688081098313,41.474223433245,-204.617584325496
97,-93.4609104735572,101.163636208085,101.394374168996,-287.268900137697,65.8879102639821,-257.165947632718
97,-1001.24096557308,1774.99025546603,1428.6037541192,-5050.99220844725,1214.79804932579,-4152.98996851624
97,-1016.14344484603,1810.38691606566,1485.53646776502,-5110.28971693696,1262.21572045844,-4160.0877930779
97,1579.09219433298,451.386593851501,2436.93521516208,659.703308884847,2330.58640007625,863.98280196365
98,45.3862873516043,92.0750517013572,220.975101207575,-123.716862606297,204.96004189857,-107.206056076373
98,113.892057109934,106.700241476611,311.231423576499,-90.9752801864527,281.543096538382,-69.9887030318016
98,319.811648417967,341.168271942863,1066.65620139043,-250.618122771374,926.672748825378,-198.319793633178
98,561.644186025471,452.575868827588,1620.60569298181,-177.112329247395,1322.28236187844,-115.897864664245
98,1846.00816098881,636.310279652799,3036.28329950525,561.581313048577,2863.54612028445,734.738586443879
99,1.56360377589275,63.6085139206876,115.10704197346,-125.991834561476,105.033845245201,-113.420207787784
99,62.6369121999785,68.2670832017522,187.700640202893,-77.9683904854766,169.962544625258,-53.1227168421823
99,337.606914611714,450.720224768337,1282.39059393779,-531.895658064611,1167.09187120103,-349.192142887916
99,575.17973386547,528.619726725669,1746.42461463743,-258.079475358262,1535.01305793132,-161.794049605288
99,2275.47207738586,525.97407865139,3237.2196008559,1084.42868149007,3068.56039243159,1270.78848203013
100,19.7113880067458,86.8667804813847,167.156830211702,-170.255059961288,145.306789461227,-123.524196541493
100,92.9381255750754,98.707025878548,269.336090011983,-121.884618450218,246.944767987107,-79.1250525708325
100,694.994888565375,366.563443723982,1475.68225700743,116.424280727588,1387.4572153078,182.053116446282
100,759.706766366791,490.141836714141,1835.21842793769,0.143539923852885,1672.47943948865,42.2683500612166
100,2763.68405729391,391.493030165675,3478.26062695019,1950.22692889753,3352.24927966639,2096.85995813417
